,Date,Match,Promotion,Event,Rating,Participant 1,Participant 2,Participant 3,Participant 4,Participant 5,Participant 6,# of teams,Team Size,PPV
0,"April 7, 1982",Ric Flair vs. Butch Reed,CWF,Miami Beach show,5.0,['Ric Flair'],['Butch Reed'],,,,,2,1,False
1,"April 21, 1983",Dynamite Kid vs. Tiger Mask,NJPW,Big Fight Series IINight 19,5.0,['Dynamite Kid'],['Tiger Mask'],,,,,2,1,True
2,"December 5, 1984",Kazuo Yamazaki vs. Nobuhiko Takada,UWF,Year-End SpecialDay 10,5.0,['Kazuo Yamazaki'],['Nobuhiko Takada'],,,,,2,1,True
3,"December 8, 1984",Bruiser Brody and Stan Hansen vs. Dory Funk Jr. and Terry Funk,AJPW,Real World Tag LeagueNight 15,5.0,"['Bruiser Brody', 'Stan Hansen']","['Dory Funk Jr.', 'Terry Funk']",,,,,2,2,True
4,"March 9, 1985",Kuniaki Kobayashi vs. Tiger Mask,AJPW,85 Gekitoh! Exciting WarsNight 14,5.0,['Kuniaki Kobayashi'],['Tiger Mask'],,,,,2,1,True
5,"August 22, 1985",Lioness Asuka vs. Jaguar Yokota,AJW,Summer Night Festival in Budokan,5.0,['Lioness Asuka'],['Jaguar Yokota'],,,,,2,1,False
6,"January 28, 1986",Jumbo Tsuruta and Genichiro Tenryu vs. Riki Choshu and Yoshiaki Yatsu,AJPW,New Years War Super BattleNight 25,5.0,"['Jumbo Tsuruta', 'Genichiro Tenryu']","['Riki Choshu', 'Yoshiaki Yatsu']",,,,,2,2,True
7,"February 14, 1986",Ric Flair vs. Barry Windham,CWF,Battle of the Belts 2,5.0,['Ric Flair'],['Barry Windham'],,,,,2,1,False
8,"April 19, 1986",The Fantastics (Bobby Fulton and Tommy Rogers) vs. The Sheepherders (Butch Miller and Luke Williams),JCP,Crockett Cup,5.0,"['Bobby Fulton', 'Tommy Rogers']","['Butch Miller', 'Luke Williams']",,,,,2,2,True
9,"January 20, 1987",Ric Flair vs. Barry Windham,JCP,World Wide Wrestling,5.0,['Ric Flair'],['Barry Windham'],,,,,2,1,False
10,"February 26, 1987",Chigusa Nagayo vs. Lioness Asuka,AJW,Kawasaki show,5.0,['Chigusa Nagayo'],['Lioness Asuka'],,,,,2,1,False
11,"March 20, 1987",Akira Maeda and Nobuhiko Takada vs. Keiji Mutoh and Shiro Koshinaka,NJPW,Spring Flare UpNight 21,5.0,"['Akira Maeda', 'Nobuhiko Takada']","['Keiji Mutoh', 'Shiro Koshinaka']",,,,,2,2,True
12,"April 11, 1987",Ric Flair vs. Barry Windham,JCP,Crockett Cup,5.0,['Ric Flair'],['Barry Windham'],,,,,2,1,True
13,"July 31, 1987","Paul Ellering, The Road Warriors (Hawk and Animal), and The Super Powers (Dusty Rhodes and Nikita Koloff) vs. The Four Horsemen (Arn Anderson, Lex Luger, Ric Flair, The War Machine, and Tully Blanchard)",JCP,The Great American Bash,5.0,"['Paul Ellering', 'Hawk', 'Animal', 'Dusty Rhodes', 'Nikita Koloff']","['Arn Anderson', 'Lex Luger', 'Ric Flair', 'The War Machine', 'Tully Blanchard']",,,,,2,5,True
14,"December 6, 1987","Chigusa Nagayo, Mika Suzuki, Mika Takahashi, Yachiya Hirata, Yumi Ogura, and Yumiko Hotta vs. Etsuko Mita, Kazue Nagahori, Lioness Asuka, Mika Komatsu, Mitsuko Nishiwaki, and Sachiko Nakamura",AJW,Unknown,5.0,"['Chigusa Nagayo', 'Mika Suzuki', 'Mika Takahashi', 'Yachiya Hirata', 'Yumi Ogura', 'Yumiko Hotta']","['Etsuko Mita', 'Kazue Nagahori', 'Lioness Asuka', 'Mika Komatsu', 'Mitsuko Nishiwaki', 'Sachiko Nakamura']",,,,,2,6,False
15,"December 16, 1988",Genichiro Tenryu and Toshiaki Kawada vs. Stan Hansen and Terry Gordy,AJPW,Real World Tag LeagueNight 23,5.0,"['Genichiro Tenryu', 'Toshiaki Kawada']","['Stan Hansen', 'Terry Gordy']",,,,,2,2,True
16,"January 28, 1989","Genichiro Tenryu, Toshiaki Kawada, and Samson Fuyuki vs. Jumbo Tsuruta, Yoshiaki Yatsu, and Masanobu Fuchi",AJPW,New Year Giant SeriesNight 17,5.0,"['Genichiro Tenryu', 'Toshiaki Kawada', 'Samson Fuyuki']","['Jumbo Tsuruta', 'Yoshiaki Yatsu', 'Masanobu Fuchi']",,,,,2,3,True
17,"February 20, 1989",Ric Flair vs. Ricky Steamboat,WCW,Chi-Town Rumble,5.0,['Ric Flair'],['Ricky Steamboat'],,,,,2,1,True
18,"March 18, 1989",Ric Flair vs. Ricky Steamboat,WCW,"Landover, MD show",6.0,['Ric Flair'],['Ricky Steamboat'],,,,,2,1,False
19,"April 2, 1989",Ric Flair vs. Ricky Steamboat,WCW,Clash of the Champions VI,5.0,['Ric Flair'],['Ricky Steamboat'],,,,,2,1,True
20,"May 7, 1989",Ric Flair vs. Ricky Steamboat,WCW,WrestleWar,5.0,['Ric Flair'],['Ricky Steamboat'],,,,,2,1,True
21,"June 5, 1989",Jumbo Tsuruta vs. Genichiro Tenryu,AJPW,Super Power SeriesNight 18,5.0,['Jumbo Tsuruta'],['Genichiro Tenryu'],,,,,2,1,True
22,"November 15, 1989",Ric Flair vs. Terry Funk,WCW,Clash of the Champions IX,5.0,['Ric Flair'],['Terry Funk'],,,,,2,1,True
23,"January 31, 1990",Jushin Thunder Liger vs. Naoki Sano,NJPW,New Spring Gold Series,5.0,['Jushin Thunder Liger'],['Naoki Sano'],,,,,2,1,True
24,"June 8, 1990",Jumbo Tsuruta vs. Mitsuharu Misawa,AJPW,Super Power SeriesNight 19,5.0,['Jumbo Tsuruta'],['Mitsuharu Misawa'],,,,,2,1,True
25,"September 30, 1990",Jumbo Tsuruta and Akira Taue vs. Mitsuharu Misawa and Toshiaki Kawada,AJPW,October Giant SeriesNight 2,5.0,"['Jumbo Tsuruta', 'Akira Taue']","['Mitsuharu Misawa', 'Toshiaki Kawada']",,,,,2,2,True
26,"October 19, 1990","Mitsuharu Misawa, Toshiaki Kawada, and Kenta Kobashi vs. Jumbo Tsuruta, Masanobu Fuchi, and Akira Taue",AJPW,October Giant SeriesNight 16,5.0,"['Mitsuharu Misawa', 'Toshiaki Kawada', 'Kenta Kobashi']","['Jumbo Tsuruta', 'Masanobu Fuchi', 'Akira Taue']",,,,,2,3,True
27,"January 4, 1991",Akira Hokuto vs. Bull Nakano,AJW,Korakuen Hall show,5.0,['Akira Hokuto'],['Bull Nakano'],,,,,2,1,False
28,"February 24, 1991","The Four Horsemen (Barry Windham, Larry Zbyszko, Ric Flair, and Sid Vicious) vs. Brian Pillman, Sting, and The Steiner Brothers (Rick Steiner and Scott Steiner)",WCW,WrestleWar,5.0,"['Barry Windham', 'Larry Zbyszko', 'Ric Flair', 'Sid Vicious']","['Brian Pillman', 'Sting', 'Rick Steiner', 'Scott Steiner']",,,,,2,4,True
29,"April 20, 1991","Mitsuharu Misawa, Toshiaki Kawada, and Kenta Kobashi vs. Jumbo Tsuruta, Masanobu Fuchi, and Akira Taue",AJPW,Fan Appreciation Day,5.0,"['Mitsuharu Misawa', 'Toshiaki Kawada', 'Kenta Kobashi']","['Jumbo Tsuruta', 'Masanobu Fuchi', 'Akira Taue']",,,,,2,3,False
30,"August 9, 1991",Big Van Vader vs. Keiji Mutoh,NJPW,G1 climax 1991 Night 2,5.0,['Big Van Vader'],['Keiji Mutoh'],,,,,2,1,True
31,"April 24, 1992",Kyoko Inoue vs. Manami Toyota,AJW,Wrestlemarinepiad,5.0,['Kyoko Inoue'],['Manami Toyota'],,,,,2,1,True
32,"April 30, 1992",El Samurai vs. Jushin Thunder Liger,NJPW,Explosion TourNight 13,5.0,['El Samurai'],['Jushin Thunder Liger'],,,,,2,1,True
33,"May 17, 1992","The Dangerous Alliance (Arn Anderson, Bobby Eaton, Larry Zbyszko, Rick Rude, and Steve Austin) vs. Sting's Squadron (Barry Windham, Dustin Rhodes, Nikita Koloff, Ricky Steamboat, and Sting)",WCW,WrestleWar,5.0,"['Arn Anderson', 'Bobby Eaton', 'Larry Zbyszko', 'Rick Rude', 'Steve Austin']","['Barry Windham', 'Dustin Rhodes', 'Nikita Koloff', 'Ricky Steamboat', 'Sting']",,,,,2,5,True
34,"May 22, 1992","Mitsuharu Misawa, Toshiaki Kawada, and Kenta Kobashi vs. Jumbo Tsuruta, Masanobu Fuchi, and Akira Taue",AJPW,Super Power SeriesNight 6[12],5.0,"['Mitsuharu Misawa', 'Toshiaki Kawada', 'Kenta Kobashi']","['Jumbo Tsuruta', 'Masanobu Fuchi', 'Akira Taue']",,,,,2,3,True
35,"May 25, 1992",Kenta Kobashi and Tsuyoshi Kikuchi vs. The Can-Am Express (Doug Furnas and Dan Kroffat),AJPW,Super Power SeriesNight 8,5.0,"['Kenta Kobashi', 'Tsuyoshi Kikuchi']","['Doug Furnas', 'Dan Kroffat']",,,,,2,2,True
36,"July 5, 1992",Kenta Kobashi and Tsuyoshi Kikuchi vs. Masanobu Fuchi and Yoshinari Ogawa,AJPW,Summer Action SeriesNight 2,5.0,"['Kenta Kobashi', 'Tsuyoshi Kikuchi']","['Masanobu Fuchi', 'Yoshinari Ogawa']",,,,,2,2,True
37,"August 15, 1992",Manami Toyota vs. Toshiyo Yamada,AJW,Mid Summer Typhoon,5.0,['Manami Toyota'],['Toshiyo Yamada'],,,,,2,1,False
38,"April 2, 1993",Kyoko Inoue and Takako Inoue vs. Cutie Suzuki and Mayumi Ozaki,AJW,Dream Slam I,5.0,"['Kyoko Inoue', 'Takako Inoue']","['Cutie Suzuki', 'Mayumi Ozaki']",,,,,2,2,False
39,"April 2, 1993",Shinobu Kandori vs. Akira Hokuto,AJW,Dream Slam I,5.0,"['Shinobu K', 'ori']",['Akira Hokuto'],,,,,2,2,False
40,"April 11, 1993",Manami Toyota and Toshiyo Yamada vs. Dynamite Kansai and Mayumi Ozaki,AJW,Dream Slam II,5.0,"['Manami Toyota', 'Toshiyo Yamada']","['Dynamite Kansai', 'Mayumi Ozaki']",,,,,2,2,False
41,"April 18, 1993",Bull Nakano vs. Devil Masami,JWP,Korakuen Hall show,5.0,['Bull Nakano'],['Devil Masami'],,,,,2,1,False
42,"April 25, 1993",Kenta Kobashi vs. Toshiaki Kawada,AJPW,Champion Carnival,5.0,['Kenta Kobashi'],['Toshiaki Kawada'],,,,,2,1,True
43,"July 2, 1993","Mitsuharu Misawa, Kenta Kobashi, and Jun Akiyama vs. Yoshinari Ogawa and The Holy Demon Army (Toshiaki Kawada and Akira Taue)",AJPW,Summer Action SeriesNight 1,5.0,"['Mitsuharu Misawa', 'Kenta Kobashi', 'Jun Akiyama']","['Yoshinari Ogawa', 'Toshiaki Kawada', 'Akira Taue']",,,,,2,3,True
44,"July 29, 1993",Kenta Kobashi vs. Stan Hansen,AJPW,Summer Action SeriesNight 22,5.0,['Kenta Kobashi'],['Stan Hansen'],,,,,2,1,True
45,"July 31, 1993","Aja Kong, Kyoko Inoue, Takako Inoue, and Sakie Hasegawa vs. Cutie Suzuki, Dynamite Kansai, Mayumi Ozaki, and Hikari Fukuoka",JWP,Thunder Queen Battle in Yokohama,5.0,"['Aja Kong', 'Kyoko Inoue', 'Takako Inoue', 'Sakie Hasegawa']","['Cutie Suzuki', 'Dynamite Kansai', 'Mayumi Ozaki', 'Hikari Fukuoka']",,,,,2,4,True
46,"August 31, 1993",Kenta Kobashi vs. Steve Williams,AJPW,Summer Action Series IINight 10,5.0,['Kenta Kobashi'],['Steve Williams'],,,,,2,1,True
47,"December 3, 1993",The Holy Demon Army (Toshiaki Kawada and Akira Taue) vs. Kenta Kobashi and Mitsuharu Misawa,AJPW,Real World Tag LeagueNight 18,5.0,"['Toshiaki Kawada', 'Akira Taue']","['Kenta Kobashi', 'Mitsuharu Misawa']",,,,,2,2,True
48,"December 6, 1993",Manami Toyota and Toshiyo Yamada vs. Dynamite Kansai and Mayumi Ozaki,AJW,St. Battle Final,5.0,"['Manami Toyota', 'Toshiyo Yamada']","['Dynamite Kansai', 'Mayumi Ozaki']",,,,,2,2,True
49,"December 10, 1993",Manami Toyota and Akira Hokuto vs. Toshiyo Yamada and Kyoko Inoue,AJW,Tag League The Best,5.0,"['Manami Toyota', 'Akira Hokuto']","['Toshiyo Yamada', 'Kyoko Inoue']",,,,,2,2,True
50,"December 10, 1993",Manami Toyota and Akira Hokuto vs. Toshiyo Yamada and Kyoko Inoue,AJW,Tag League The Best,5.0,"['Manami Toyota', 'Akira Hokuto']","['Toshiyo Yamada', 'Kyoko Inoue']",,,,,2,2,True
51,"January 29, 1994","Mitsuharu Misawa, Kenta Kobashi, and Giant Baba vs. Masanobu Fuchi and The Holy Demon Army (Toshiaki Kawada and Akira Taue)",AJPW,New Year Giant SeriesNight 20,5.0,"['Mitsuharu Misawa', 'Kenta Kobashi', 'Giant Baba']","['Masanobu Fuchi', 'Toshiaki Kawada', 'Akira Taue']",,,,,2,3,True
52,"March 20, 1994",Razor Ramon vs. Shawn Michaels,WWF,WrestleMania X,5.0,['Razor Ramon'],['Shawn Michaels'],,,,,2,1,True
53,"April 16, 1994",The Great Sasuke vs. Wild Pegasus,NJPW,Super J-Cup Final,5.0,['The Great Sasuke'],['Wild Pegasus'],,,,,2,1,True
54,"May 21, 1994",Mitsuharu Misawa and Kenta Kobashi vs. The Holy Demon Army (Toshiaki Kawada and Akira Taue),AJPW,Super Power SeriesNight 6,5.0,"['Mitsuharu Misawa', 'Kenta Kobashi']","['Toshiaki Kawada', 'Akira Taue']",,,,,2,2,True
55,"June 3, 1994",Mitsuharu Misawa vs. Toshiaki Kawada,AJPW,Super Power SeriesNight 16,6.0,['Mitsuharu Misawa'],['Toshiaki Kawada'],,,,,2,1,True
56,"July 8, 1994",The Great Sasuke vs. Jushin Thunder Liger,NJPW,Summer Struggle,5.0,['The Great Sasuke'],['Jushin Thunder Liger'],,,,,2,1,True
57,"August 29, 1994",Bret Hart vs. Owen Hart,WWF,SummerSlam,5.0,['Bret Hart'],['Owen Hart'],,,,,2,1,True
58,"October 9, 1994",Kyoko Inoue and Takako Inoue vs. Manami Toyota and Toshiyo Yamada,AJW,Wrestlemarinpiad,5.0,"['Kyoko Inoue', 'Takako Inoue']","['Manami Toyota', 'Toshiyo Yamada']",,,,,2,2,False
59,"November 6, 1994",Los Gringos Locos (Art Barr and Eddy Guerrero) vs. El Hijo Del Santo and Octagón,AAA,When Worlds Collide,5.0,"['Art Barr', 'Eddy Guerrero']","['El Hijo Del Santo', 'Octagón']",,,,,2,2,True
60,"November 20, 1994",Aja Kong vs. Manami Toyota,AJW,Doumu Super Woman Great War,5.0,['Aja Kong'],['Manami Toyota'],,,,,2,1,True
61,"November 30, 1994",Rey Misterio Jr. vs. Juventud Guerrera,AAA,Matamoros show,5.0,['Rey Misterio Jr.'],['Juventud Guerrera'],,,,,2,1,False
62,"January 19, 1995",Kenta Kobashi vs. Toshiaki Kawada,AJPW,New Year Giant SeriesNight 14,5.0,['Kenta Kobashi'],['Toshiaki Kawada'],,,,,2,1,True
63,"January 24, 1995",Mitsuharu Misawa and Kenta Kobashi vs. The Holy Demon Army (Toshiaki Kawada and Akira Taue),AJPW,New Year Giant SeriesNight 17,5.0,"['Mitsuharu Misawa', 'Kenta Kobashi']","['Toshiaki Kawada', 'Akira Taue']",,,,,2,2,True
64,"March 4, 1995",Kenta Kobashi and Mitsuharu Misawa vs. Johnny Ace and Steve Williams,AJPW,Excite SeriesNight 12,5.0,"['Kenta Kobashi', 'Mitsuharu Misawa']","['Johnny Ace', 'Steve Williams']",,,,,2,2,True
65,"April 15, 1995",Akira Taue vs. Mitsuharu Misawa,AJPW,Champion CarnivalNight 19,5.0,['Akira Taue'],['Mitsuharu Misawa'],,,,,2,1,True
66,"May 7, 1995",Manami Toyota vs. Kyoko Inoue,AJW,G*Top 2nd,5.0,['Manami Toyota'],['Kyoko Inoue'],,,,,2,1,True
67,"June 9, 1995",Kenta Kobashi and Mitsuharu Misawa vs. The Holy Demon Army (Toshiaki Kawada and Akira Taue),AJPW,Super Power SeriesNight 15,5.0,"['Kenta Kobashi', 'Mitsuharu Misawa']","['Toshiaki Kawada', 'Akira Taue']",,,,,2,2,True
68,"June 27, 1995",Manami Toyota vs. Aja Kong,AJW,Zenjo Movement Night 40,5.0,['Manami Toyota'],['Aja Kong'],,,,,2,1,True
69,"June 30, 1995","Mitsuharu Misawa, Kenta Kobashi, and Satoru Asako vs. Tamon Honda and The Holy Demon Army (Toshiaki Kawada and Akira Taue)",AJPW,Summer Action SeriesNight 1,5.0,"['Mitsuharu Misawa', 'Kenta Kobashi', 'Satoru Asako']","['Tamon Honda', 'Toshiaki Kawada', 'Akira Taue']",,,,,2,3,True
70,"July 23, 1995",Manami Toyota vs. Mima Shimoda,AJW,Japan Grand PrixNight 8,5.0,['Manami Toyota'],['Mima Shimoda'],,,,,2,1,True
71,"August 30, 1995",Kyoko Inoue and Takako Inoue vs. Manami Toyota and Sakie Hasegawa,AJW,WWWA Champions Night,5.0,"['Kyoko Inoue', 'Takako Inoue']","['Manami Toyota', 'Sakie Hasegawa']",,,,,2,2,True
72,"September 2, 1995",Akira Hokuto vs. Manami Toyota,AJW,Destiny,5.0,['Akira Hokuto'],['Manami Toyota'],,,,,2,1,False
73,"September 22, 1995",Rey Misterio Jr. vs. Psicosis,AAA,Mexico City show,5.0,['Rey Misterio Jr.'],['Psicosis'],,,,,2,1,False
74,"March 9, 1996",Juventud Guerrera vs. Rey Misterio Jr.,ECW,Big Ass Extreme Bash,5.0,['Juventud Guerrera'],['Rey Misterio Jr.'],,,,,2,1,False
75,"May 23, 1996",Mitsuharu Misawa and Jun Akiyama vs. The Holy Demon Army (Toshiaki Kawada and Akira Taue),AJPW,Super Power SeriesNight 5,5.0,"['Mitsuharu Misawa', 'Jun Akiyama']","['Toshiaki Kawada', 'Akira Taue']",,,,,2,2,True
76,"June 7, 1996",Jun Akiyama and Mitsuharu Misawa vs. Johnny Ace and Steve Williams,AJPW,Super Power SeriesNight 15,5.0,"['Jun Akiyama', 'Mitsuharu Misawa']","['Johnny Ace', 'Steve Williams']",,,,,2,2,True
77,"October 10, 1996","Kaientai DX (Dick Togo, Men's Teioh, Shiryu, Shoichi Funaki, and Taka Michinoku) vs. Gran Hamada, Gran Naniwa, Masato Yakushiji, Super Delfin, and Tiger Mask IV",Michinoku Pro,3rd Anniversary,5.0,"['Dick Togo', ""Men's Teioh"", 'Shiryu', 'Shoichi Funaki', 'Taka Michinoku']","['Gran Hamada', 'Gran Naniwa', 'Masato Yakushiji', 'Super Delfin', 'Tiger Mask IV']",,,,,2,5,False
78,"December 6, 1996",The Holy Demon Army (Toshiaki Kawada and Akira Taue) vs. Jun Akiyama and Mitsuharu Misawa,AJPW,Real World Tag LeagueNight 16,5.0,"['Toshiaki Kawada', 'Akira Taue']","['Jun Akiyama', 'Mitsuharu Misawa']",,,,,2,2,True
79,"March 23, 1997",Bret Hart vs. Stone Cold Steve Austin,WWF,WrestleMania 13,5.0,['Bret Hart'],['Stone Cold Steve Austin'],,,,,2,1,True
80,"June 5, 1997",Koji Kanemoto vs. El Samurai,NJPW,Best of the Super Juniors IVNight 17,5.0,['Koji Kanemoto'],['El Samurai'],,,,,2,1,True
81,"June 6, 1997",Mitsuharu Misawa vs. Toshiaki Kawada,AJPW,Super Power SeriesNight 16,5.0,['Mitsuharu Misawa'],['Toshiaki Kawada'],,,,,2,1,True
82,"October 5, 1997",Shawn Michaels vs. The Undertaker,WWF,In Your House 18: Badd Blood,5.0,['Shawn Michaels'],['The Undertaker'],,,,,2,1,True
83,"December 5, 1997",The Holy Demon Army (Toshiaki Kawada and Akira Taue) vs. Jun Akiyama and Mitsuharu Misawa,AJPW,Real World Tag LeagueNight 15,5.0,"['Toshiaki Kawada', 'Akira Taue']","['Jun Akiyama', 'Mitsuharu Misawa']",,,,,2,2,True
84,"June 27, 1998",Kiyoshi Tamura vs. Tsuyoshi Kohsaka,RINGS,Fourth Fighting Integration,5.0,['Kiyoshi Tamura'],['Tsuyoshi Kohsaka'],,,,,2,1,False
85,"October 31, 1998",Kenta Kobashi vs. Mitsuharu Misawa,AJPW,26th Anniversary Show,5.0,['Kenta Kobashi'],['Mitsuharu Misawa'],,,,,2,1,False
86,"June 11, 1999",Mitsuharu Misawa vs. Kenta Kobashi,AJPW,Super Power SeriesNight 14,5.0,['Mitsuharu Misawa'],['Kenta Kobashi'],,,,,2,1,True
87,"October 23, 1999",Mitsuharu Misawa and Yoshinari Ogawa vs. Burning (Kenta Kobashi and Jun Akiyama),AJPW,October Giant Series Night 11,5.0,"['Mitsuharu Misawa', 'Yoshinari Ogawa']","['Kenta Kobashi', 'Jun Akiyama']",,,,,2,2,False
88,"December 14, 2000",Masanobu Fuchi and Toshiaki Kawada vs. Takashi Iizuka and Yuji Nagata,NJPW,Judgment Day,5.0,"['Masanobu Fuchi', 'Toshiaki Kawada']","['Takashi Iizuka', 'Yuji Nagata']",,,,,2,2,True
89,"March 1, 2003",Mitsuharu Misawa vs. Kenta Kobashi,Noah,Navigate For Evolution,5.0,['Mitsuharu Misawa'],['Kenta Kobashi'],,,,,2,1,False
90,"July 10, 2004",Kenta Kobashi vs. Jun Akiyama,Noah,Departure,5.0,['Kenta Kobashi'],['Jun Akiyama'],,,,,2,1,True
91,"October 16, 2004",Samoa Joe vs. CM Punk,ROH,Joe vs. Punk II,5.0,['Samoa Joe'],['CM Punk'],,,,,2,1,False
92,"September 11, 2005",Christopher Daniels vs. A.J. Styles vs. Samoa Joe,TNA,Unbreakable,5.0,['Christopher Daniels'],['A.J. Styles'],['Samoa Joe'],,,,3,1,True
93,"October 1, 2005",Samoa Joe vs. Kenta Kobashi,ROH,Joe vs. Kobashi,5.0,['Samoa Joe'],['Kenta Kobashi'],,,,,2,1,False
94,"March 31, 2006","Cima, Masato Yoshino, and Naruki Doi vs. Dragon Kid, Genki Horiguchi, and Ryo Saito",ROH,Supercard of Honor,5.0,"['Cima', 'Masato Yoshino', 'Naruki Doi']","['Dragon Kid', 'Genki Horiguchi', 'Ryo Saito']",,,,,2,3,False
95,"July 17, 2011",CM Punk vs. John Cena,WWE,Money in the Bank,5.0,['CM Punk'],['John Cena'],,,,,2,1,True
96,"March 31, 2012",Davey Richards vs. Michael Elgin,ROH,Showdown in the Sun,5.0,['Davey Richards'],['Michael Elgin'],,,,,2,1,True
97,"October 8, 2012",Hiroshi Tanahashi vs. Minoru Suzuki,NJPW,King of Pro Wrestling,5.0,['Hiroshi Tanahashi'],['Minoru Suzuki'],,,,,2,1,True
98,"April 6, 2013",Hiroshi Tanahashi vs. Kazuchika Okada,NJPW,Invasion Attack,5.0,['Hiroshi Tanahashi'],['Kazuchika Okada'],,,,,2,1,True
99,"August 4, 2013",Katsuyori Shibata vs. Tomohiro Ishii,NJPW,G1 Climax 23Night 4,5.0,['Katsuyori Shibata'],['Tomohiro Ishii'],,,,,2,1,True
100,"October 14, 2013",Kazuchika Okada vs. Hiroshi Tanahashi,NJPW,King of Pro Wrestling,5.0,['Kazuchika Okada'],['Hiroshi Tanahashi'],,,,,2,1,True
101,"September 21, 2014",Hiroshi Tanahashi vs. Katsuyori Shibata,NJPW,Destruction in Kobe,5.0,['Hiroshi Tanahashi'],['Katsuyori Shibata'],,,,,2,1,False
102,"January 4, 2015",Shinsuke Nakamura vs. Kota Ibushi,NJPW,Wrestle Kingdom 9,5.0,['Shinsuke Nakamura'],['Kota Ibushi'],,,,,2,1,True
103,"February 14, 2015",Tomoaki Honma vs. Tomohiro Ishii,NJPW,The New Beginning in Sendai,5.0,['Tomoaki Honma'],['Tomohiro Ishii'],,,,,2,1,True
104,"August 16, 2015",Hiroshi Tanahashi vs. Shinsuke Nakamura,NJPW,G1 Climax 25 Final,5.0,['Hiroshi Tanahashi'],['Shinsuke Nakamura'],,,,,2,1,True
105,"January 4, 2016",Kazuchika Okada vs. Hiroshi Tanahashi,NJPW,Wrestle Kingdom 10,5.0,['Kazuchika Okada'],['Hiroshi Tanahashi'],,,,,2,1,True
106,"August 6, 2016",Kazuchika Okada vs. Tomohiro Ishii,NJPW,G1 Climax 26Night 13,5.0,['Kazuchika Okada'],['Tomohiro Ishii'],,,,,2,1,True
107,"August 13, 2016",Kenny Omega vs. Tetsuya Naito,NJPW,G1 Climax 26Night 18,5.0,['Kenny Omega'],['Tetsuya Naito'],,,,,2,1,True
108,"September 3, 2016","Superkliq (Adam Cole, Matt Jackson and Nick Jackson) vs. Matt Sydal, Ricochet, and Will Ospreay",PWG,Battle of Los AngelesNight 2,5.0,"['Adam Cole', 'Matt Jackson', 'Nick Jackson']","['Matt Sydal', 'Ricochet', 'Will Ospreay']",,,,,2,3,True
109,"January 4, 2017",Kazuchika Okada vs. Kenny Omega,NJPW,Wrestle Kingdom 11,6.0,['Kazuchika Okada'],['Kenny Omega'],,,,,2,1,True
110,"February 11, 2017",Tetsuya Naito vs. Michael Elgin,NJPW,The New Beginning in Osaka,5.0,['Tetsuya Naito'],['Michael Elgin'],,,,,2,1,True
111,"April 9, 2017",Kazuchika Okada vs. Katsuyori Shibata,NJPW,Sakura Genesis,5.0,['Kazuchika Okada'],['Katsuyori Shibata'],,,,,2,1,False
112,"June 3, 2017",Kushida vs. Will Ospreay,NJPW,Best of the Super JuniorsNight 14,5.0,['Kushida'],['Will Ospreay'],,,,,2,1,True
113,"June 11, 2017",Kazuchika Okada vs. Kenny Omega,NJPW,Dominion 6.11 in Osaka-jo Hall,6.25,['Kazuchika Okada'],['Kenny Omega'],,,,,2,1,True
114,"August 11, 2017",Hiroshi Tanahashi vs. Tetsuya Naito,NJPW,G1 Climax 27Night 17,5.0,['Hiroshi Tanahashi'],['Tetsuya Naito'],,,,,2,1,True
115,"August 12, 2017",Kazuchika Okada vs. Kenny Omega,NJPW,G1 Climax 27Night 18,6.0,['Kazuchika Okada'],['Kenny Omega'],,,,,2,1,True
116,"August 13, 2017",Tetsuya Naito vs. Kenny Omega,NJPW,G1 Climax 27 Final,5.75,['Tetsuya Naito'],['Kenny Omega'],,,,,2,1,True
117,"September 3, 2017",Donovan Dijak vs. Keith Lee,PWG,Battle of Los AngelesNight 3,5.0,['Donovan Dijak'],['Keith Lee'],,,,,2,1,True
118,"October 21, 2017",Walter vs. Zack Sabre Jr.,PWG,All Star Weekend 13Night 2,5.0,['Walter'],['Zack Sabre Jr.'],,,,,2,1,True
119,"January 4, 2018",Kenny Omega vs. Chris Jericho,NJPW,Wrestle Kingdom 12,5.0,['Kenny Omega'],['Chris Jericho'],,,,,2,1,False
120,"January 27, 2018","Andrade ""Cien"" Almas vs. Johnny Gargano",WWE,NXT TakeOver: Philadelphia,5.0,"['Andrade ""Cien"" Almas']",['Johnny Gargano'],,,,,2,1,False
121,"March 25, 2018",Golden Lovers (Kenny Omega and Kota Ibushi) vs. The Young Bucks (Matt Jackson and Nick Jackson),NJPW,Strong Style Evolved,5.0,"['Kenny Omega', 'Kota Ibushi']","['Matt Jackson', 'Nick Jackson']",,,,,2,2,False
122,"April 1, 2018",Will Ospreay vs. Marty Scurll,NJPW,Sakura Genesis,5.0,['Will Ospreay'],['Marty Scurll'],,,,,2,1,False
123,"April 7, 2018",Adam Cole vs. EC3 vs. Killian Dain vs. Lars Sullivan vs. Ricochet vs. Velveteen Dream,WWE,NXT TakeOver: New Orleans,5.0,['Adam Cole'],['EC3'],['Killian Dain'],['Lars Sullivan'],['Ricochet'],['Velveteen Dream'],6,1,False
124,"April 7, 2018",Johnny Gargano vs. Tommaso Ciampa,WWE,NXT TakeOver: New Orleans,5.0,['Johnny Gargano'],['Tommaso Ciampa'],,,,,2,1,False
125,"April 14, 2018",A-Kid vs. Zack Sabre Jr.,La Triple W,Total Rumble 8,5.0,['A-Kid'],['Zack Sabre Jr.'],,,,,2,1,False
126,"May 4, 2018",Kazuchika Okada vs. Hiroshi Tanahashi,NJPW,Wrestling Dontaku,5.5,['Kazuchika Okada'],['Hiroshi Tanahashi'],,,,,2,1,False
127,"June 4, 2018",Taiji Ishimori vs. Hiromu Takahashi,NJPW,Best of the Super Juniors Final,5.5,['Taiji Ishimori'],['Hiromu Takahashi'],,,,,2,1,False
128,"June 9, 2018",Kazuchika Okada vs. Kenny Omega,NJPW,Dominion 6.9 in Osaka-jo Hall,7.0,['Kazuchika Okada'],['Kenny Omega'],,,,,2,1,False
129,"July 11, 2018",Moustache Mountain (Trent Seven and Tyler Bate) vs. The Undisputed Era (Kyle O'Reilly and Roderick Strong),WWE,NXT,5.0,"['Trent Seven', 'Tyler Bate']","[""Kyle O'Reilly"", 'Roderick Strong']",,,,,2,2,False
130,"July 15, 2018",Kenny Omega vs. Tetsuya Naito,NJPW,G1 Climax 28Night 2,5.0,['Kenny Omega'],['Tetsuya Naito'],,,,,2,1,True
131,"July 19, 2018",Hirooki Goto vs. Kenny Omega,NJPW,G1 Climax 28Night 4,5.0,['Hirooki Goto'],['Kenny Omega'],,,,,2,1,True
132,"July 21, 2018",Hirooki Goto vs. Tomohiro Ishii,NJPW,G1 Climax 28Night 6,5.0,['Hirooki Goto'],['Tomohiro Ishii'],,,,,2,1,True
133,"August 4, 2018",Kenny Omega vs. Tomohiro Ishii,NJPW,G1 Climax 28Night 14,5.5,['Kenny Omega'],['Tomohiro Ishii'],,,,,2,1,True
134,"August 10, 2018",Hiroshi Tanahashi vs. Kazuchika Okada,NJPW,G1 Climax 28Night 17,5.0,['Hiroshi Tanahashi'],['Kazuchika Okada'],,,,,2,1,True
135,"August 11, 2018",Kenny Omega vs. Kota Ibushi,NJPW,G1 Climax 28Night 18,5.5,['Kenny Omega'],['Kota Ibushi'],,,,,2,1,True
136,"August 12, 2018",Hiroshi Tanahashi vs. Kota Ibushi,NJPW,G1 Climax 28 Final,5.75,['Hiroshi Tanahashi'],['Kota Ibushi'],,,,,2,1,True
137,"September 23, 2018",Hiroshi Tanahashi vs. Kazuchika Okada,NJPW,Destruction in Kobe,5.0,['Hiroshi Tanahashi'],['Kazuchika Okada'],,,,,2,1,False
138,"September 30, 2018",Chaos (Kazuchika Okada and Tomohiro Ishii) vs. Golden Lovers (Kenny Omega and Kota Ibushi),NJPW,Fighting Spirit Unleashed,5.0,"['Kazuchika Okada', 'Tomohiro Ishii']","['Kenny Omega', 'Kota Ibushi']",,,,,2,2,False
139,"December 15, 2018",Hiroshi Tanahashi and Will Ospreay vs. Golden Lovers (Kenny Omega and Kota Ibushi),NJPW,Road to Tokyo DomeNight 2,5.0,"['Hiroshi Tanahashi', 'Will Ospreay']","['Kenny Omega', 'Kota Ibushi']",,,,,2,2,True
140,"January 4, 2019",Kenny Omega vs. Hiroshi Tanahashi,NJPW,Wrestle Kingdom 13,5.75,['Kenny Omega'],['Hiroshi Tanahashi'],,,,,2,1,False
141,"March 24, 2019",Kazuchika Okada vs. Sanada,NJPW,New Japan Cup Final,5.0,['Kazuchika Okada'],['Sanada'],,,,,2,1,False
142,"April 5, 2019",Adam Cole vs. Johnny Gargano,WWE,NXT TakeOver: New York,5.5,['Adam Cole'],['Johnny Gargano'],,,,,2,1,False
143,"May 23, 2019",Bandido vs. Will Ospreay,NJPW,Best of the Super JuniorsNight 8,5.0,"['B', 'ido']",['Will Ospreay'],,,,,2,2,True
144,"May 25, 2019",Cody Rhodes vs. Dustin Rhodes,AEW,Double or Nothing,5.0,['Cody Rhodes'],['Dustin Rhodes'],,,,,2,1,True
145,"June 1, 2019",Johnny Gargano vs. Adam Cole,WWE,NXT TakeOver: XXV,5.25,['Johnny Gargano'],['Adam Cole'],,,,,2,1,False
146,"June 5, 2019",Shingo Takagi vs. Will Ospreay,NJPW,Best of the Super Juniors Final,5.75,['Shingo Takagi'],['Will Ospreay'],,,,,2,1,False
147,"June 9, 2019",Dragon Lee vs. Will Ospreay,NJPW,Dominion 6.9 in Osaka-jo Hall,5.0,['Dragon Lee'],['Will Ospreay'],,,,,2,1,False
148,"July 18, 2019",Kota Ibushi vs. Will Ospreay,NJPW,G1 Climax 29Night 5,5.0,['Kota Ibushi'],['Will Ospreay'],,,,,2,1,True
149,"July 19, 2019",Jon Moxley vs. Tomohiro Ishii,NJPW,G1 Climax 29Night 6,5.0,['Jon Moxley'],['Tomohiro Ishii'],,,,,2,1,True
150,"July 20, 2019",Kazuchika Okada vs. Will Ospreay,NJPW,G1 Climax 29Night 7,5.75,['Kazuchika Okada'],['Will Ospreay'],,,,,2,1,True
151,"July 26, 2019","Bandido, Flamita, and Rey Horus vs. Black Taurus, Laredo Kid, and Puma King",PWG,Sixteen,5.0,"['B', 'ido', 'Flamita', 'Rey Horus']","['Black Taurus', 'Laredo Kid', 'Puma King']",,,,,2,4,False
152,"August 3, 2019",Sanada vs. Kazuchika Okada,NJPW,G1 Climax 29Night 13,5.0,['Sanada'],['Kazuchika Okada'],,,,,2,1,True
153,"August 4, 2019",Tetsuya Naito vs. Shingo Takagi,NJPW,G1 Climax 29Night 14,5.0,['Tetsuya Naito'],['Shingo Takagi'],,,,,2,1,True
154,"August 8, 2019",Shingo Takagi vs. Tomohiro Ishii,NJPW,G1 Climax 29Night 16,5.5,['Shingo Takagi'],['Tomohiro Ishii'],,,,,2,1,True
155,"August 10, 2019",Kota Ibushi vs. Kazuchika Okada,NJPW,G1 Climax 29Night 17,5.0,['Kota Ibushi'],['Kazuchika Okada'],,,,,2,1,True
156,"August 12, 2019",Kota Ibushi vs. Jay White,NJPW,G1 Climax 29 Finals,5.5,['Kota Ibushi'],['Jay White'],,,,,2,1,True
157,"August 31, 2019",Walter vs. Tyler Bate,WWE,NXT UK TakeOver: Cardiff,5.25,['Walter'],['Tyler Bate'],,,,,2,1,False
158,"August 31, 2019",Lucha Brothers (Pentagon Jr. and Rey Fenix) vs. The Young Bucks (Matt Jackson and Nick Jackson),AEW,All Out,5.25,"['Pentagon Jr.', 'Rey Fenix']","['Matt Jackson', 'Nick Jackson']",,,,,2,2,True
159,"September 22, 2019",Bandido vs. Dragon Lee,PWG,Battle of Los AngelesNight 3,5.0,"['B', 'ido']",['Dragon Lee'],,,,,2,2,True
160,"October 26, 2019",David Starr vs. Jordan Devlin,OTT,5th Year Anniversary,5.0,['David Starr'],['Jordan Devlin'],,,,,2,1,False
161,"January 4, 2020",Will Ospreay vs. Hiromu Takahashi,NJPW,Wrestle Kingdom 14Night 1,5.5,['Will Ospreay'],['Hiromu Takahashi'],,,,,2,1,True
162,"January 4, 2020",Kazuchika Okada vs. Kota Ibushi,NJPW,Wrestle Kingdom 14Night 1,5.75,['Kazuchika Okada'],['Kota Ibushi'],,,,,2,1,True
163,"January 5, 2020",Kazuchika Okada vs. Tetsuya Naito,NJPW,Wrestle Kingdom 14Night 2,5.0,['Kazuchika Okada'],['Tetsuya Naito'],,,,,2,1,True
164,"February 14, 2020",Will Ospreay vs. Zack Sabre Jr.,RPW,High Stakes,5.0,['Will Ospreay'],['Zack Sabre Jr.'],,,,,2,1,False
165,"February 29, 2020",Kenny Omega and Adam Page vs. The Young Bucks (Matt Jackson and Nick Jackson),AEW,Revolution,6.0,"['Kenny Omega', 'Adam Page']","['Matt Jackson', 'Nick Jackson']",,,,,2,2,True
166,"September 16, 2020",Best Friends (Chuck Taylor and Trent) vs. Santana and Ortiz,AEW,Dynamite,5.0,"['Chuck Taylor', 'Trent']","['Santana', 'Ortiz']",,,,,2,2,False
167,"September 27, 2020",Shingo Takagi vs. Will Ospreay,NJPW,G1 Climax 30Night 5,5.0,['Shingo Takagi'],['Will Ospreay'],,,,,2,1,True
168,"October 10, 2020",Kota Ibushi vs. Minoru Suzuki,NJPW,G1 Climax 30Night 13,5.25,['Kota Ibushi'],['Minoru Suzuki'],,,,,2,1,True
169,"October 10, 2020",Kazuchika Okada vs. Shingo Takagi,NJPW,G1 Climax 30Night 13,5.25,['Kazuchika Okada'],['Shingo Takagi'],,,,,2,1,True
170,"October 29, 2020",Walter vs. Ilja Dragunov,WWE,NXT UK,5.0,['Walter'],['Ilja Dragunov'],,,,,2,1,False
171,"November 7, 2020",The Young Bucks (Matt Jackson and Nick Jackson) vs FTR (Cash Wheeler and Dax Harwood),AEW,Full Gear,5.25,"['Matt Jackson', 'Nick Jackson']","['Cash Wheeler', 'Dax Harwood']",,,,,2,2,True
172,"December 6, 2020",Go Shiozaki vs. Takashi Sugiura,Noah,The BEST ~Final Chronicle 2020~,5.0,['Go Shiozaki'],['Takashi Sugiura'],,,,,2,1,False
173,"January 4, 2021",Kazuchika Okada vs. Will Ospreay,NJPW,Wrestle Kingdom 15 Night 1,5.25,['Kazuchika Okada'],['Will Ospreay'],,,,,2,1,True
174,"January 4, 2021",Tetsuya Naito vs. Kota Ibushi,NJPW,Wrestle Kingdom 15 Night 1,5.0,['Tetsuya Naito'],['Kota Ibushi'],,,,,2,1,True
175,"January 5, 2021",Shingo Takagi vs. Jeff Cobb,NJPW,Wrestle Kingdom 15 Night 2,5.0,['Shingo Takagi'],['Jeff Cobb'],,,,,2,1,True
176,"January 5, 2021",Kota Ibushi vs. Jay White,NJPW,Wrestle Kingdom 15 Night 2,5.25,['Kota Ibushi'],['Jay White'],,,,,2,1,True
177,"January 6, 2021",Kenny Omega vs. Rey Fenix,AEW,New Year's Smash Night 1,5.0,['Kenny Omega'],['Rey Fenix'],,,,,2,1,False
178,"January 30, 2021",Hiroshi Tanahashi vs. Shingo Takagi,NJPW,The New Beginning in Nagoya,5.0,['Hiroshi Tanahashi'],['Shingo Takagi'],,,,,2,1,False
179,"March 14, 2021",Will Ospreay vs. Zack Sabre Jr.,NJPW,New Japan CupNight 8,5.0,['Will Ospreay'],['Zack Sabre Jr.'],,,,,2,1,True
180,"March 21, 2021",Will Ospreay vs. Shingo Takagi,NJPW,New Japan CupNight 13,5.5,['Will Ospreay'],['Shingo Takagi'],,,,,2,1,True
181,"April 14, 2021",The Young Bucks (Matt Jackson and Nick Jackson) vs. Death Triangle (Pac and Rey Fenix),AEW,Dynamite,5.0,"['Matt Jackson', 'Nick Jackson']","['Pac', 'Rey Fenix']",,,,,2,2,False
182,"May 4, 2021",Will Ospreay vs. Shingo Takagi,NJPW,Wrestling Dontaku 2021Night 2,6.0,['Will Ospreay'],['Shingo Takagi'],,,,,2,1,True
183,"June 12, 2021",Syuri vs. Utami Hayashishita,Stardom,Tokyo Dream Cinderella,5.5,['Syuri'],['Utami Hayashishita'],,,,,2,1,False
184,"July 25, 2021",Hiroshi Tanahashi vs. Shingo Takagi,NJPW,Wrestle Grand Slam in Tokyo Dome,5.0,['Hiroshi Tanahashi'],['Shingo Takagi'],,,,,2,1,True
185,"August 22, 2021",Ilja Dragunov vs. Walter,WWE,NXT TakeOver 36,5.25,['Ilja Dragunov'],['Walter'],,,,,2,1,False
186,"September 5, 2021",The Young Bucks (Matt Jackson and Nick Jackson) vs. Lucha Brothers (Pentagón Jr. and Rey Fenix),AEW,All Out,5.75,"['Matt Jackson', 'Nick Jackson']","['Pentagón Jr.', 'Rey Fenix']",,,,,2,2,True
187,"September 18, 2021",Tomohiro Ishii vs. Shingo Takagi,NJPW,G1 Climax 31Night 1,5.5,['Tomohiro Ishii'],['Shingo Takagi'],,,,,2,1,True
188,"September 22, 2021",Bryan Danielson vs. Kenny Omega,AEW,AEW Grand Slam,5.0,['Bryan Danielson'],['Kenny Omega'],,,,,2,1,False
189,"October 9, 2021",Lucha Brothers (Pentagón Jr. and Fénix) vs. Jinetes del Aire (El Hijo del Vikingo and Laredo Kid),AAA,Héroes Inmortales XIV,5.0,"['Pentagón Jr.', 'Fénix']","['El Hijo del Vikingo', 'Laredo Kid']",,,,,2,2,False
190,"November 13, 2021","Superkliq (Adam Cole, Matt Jackson and Nick Jackson) vs. Christian Cage and Jurassic Express (Jungle Boy and Luchasaurus)",AEW,Full Gear,5.0,"['Adam Cole', 'Matt Jackson', 'Nick Jackson']","['Christian Cage', 'Jungle Boy', 'Luchasaurus']",,,,,2,3,True
191,"November 13, 2021",Adam Page vs. Kenny Omega,AEW,Full Gear,5.5,['Adam Page'],['Kenny Omega'],,,,,2,1,True
192,"December 15, 2021",Adam Page vs. Bryan Danielson,AEW,Winter is Coming,5.0,['Adam Page'],['Bryan Danielson'],,,,,2,1,False
193,"January 5, 2022",Kazuchika Okada vs. Will Ospreay,NJPW,Wrestle Kingdom 16Night 2,5.75,['Kazuchika Okada'],['Will Ospreay'],,,,,2,1,True
194,"January 26, 2022",Cody Rhodes vs. Sammy Guevara,AEW,Beach Break,5.0,['Cody Rhodes'],['Sammy Guevara'],,,,,2,1,False
195,"January 29, 2022",Will Ospreay vs. Michael Oku,RPW,High Stakes,5.0,['Will Ospreay'],['Michael Oku'],,,,,2,1,False
